<?xml version="1.0" encoding="UTF-8"?>
<project-private xmlns="http://www.netbeans.org/ns/project-private/1">
    <editor-bookmarks xmlns="http://www.netbeans.org/ns/editor-bookmarks/2" lastBookmarkId="0"/>
    <open-files xmlns="http://www.netbeans.org/ns/projectui-open-files/1">
        <file>file:/C:/Personal/ProbeProjects/ManyClasses/src/edu/javacourse/many/ResearchClass.java</file>
        <file>file:/C:/Personal/ProbeProjects/ManyClasses/src/edu/javacourse/many/FirstClass.java</file>
        <file>file:/C:/Personal/ProbeProjects/ManyClasses/src/edu/javacourse/one/SecondClass.java</file>
    </open-files>
</project-private>
