<?xml version="1.0" encoding="UTF-8"?>
<configurationDescriptor version="39">
  <logicalFolder name="root" displayName="root" projectFiles="true">
    <logicalFolder name="HeaderFiles"
                   displayName="Header Files"
                   projectFiles="true">
      <itemPath>example_Multiply.h</itemPath>
    </logicalFolder>
    <logicalFolder name="ResourceFiles"
                   displayName="Resource Files"
                   projectFiles="true">
    </logicalFolder>
    <logicalFolder name="SourceFiles"
                   displayName="Source Files"
                   projectFiles="true">
      <itemPath>example_Multiply.cc</itemPath>
    </logicalFolder>
    <logicalFolder name="ExternalFiles"
                   displayName="Important Files"
                   projectFiles="false">
      <itemPath>Makefile</itemPath>
    </logicalFolder>
  </logicalFolder>
  <projectmakefile>Makefile</projectmakefile>
  <confs>
    <conf name="Debug" type="2">
      <toolsSet>
        <compilerSet>MinGW</compilerSet>
        <cRequired>false</cRequired>
        <cppRequired>true</cppRequired>
        <fortranRequired>false</fortranRequired>
        <platform>3</platform>
      </toolsSet>
      <compileType>
        <ccCompilerTool>
          <includeDirectories>
            <directoryPath>D:/Util/Java/jdk1.6.0_03/include</directoryPath>
            <directoryPath>D:/Util/Java/jdk1.6.0_03/include/win32</directoryPath>
          </includeDirectories>
        </ccCompilerTool>
        <linkerTool>
          <linkerLibItems>
          </linkerLibItems>
        </linkerTool>
      </compileType>
      <item path="example_Multiply.cc">
        <itemTool>1</itemTool>
      </item>
      <item path="example_Multiply.h">
        <itemTool>3</itemTool>
      </item>
    </conf>
    <conf name="Release" type="2">
      <toolsSet>
        <compilerSet>MinGW</compilerSet>
        <cRequired>false</cRequired>
        <cppRequired>true</cppRequired>
        <fortranRequired>false</fortranRequired>
        <platform>3</platform>
      </toolsSet>
      <compileType>
        <cCompilerTool>
          <developmentMode>5</developmentMode>
        </cCompilerTool>
        <ccCompilerTool>
          <developmentMode>5</developmentMode>
          <includeDirectories>
            <directoryPath>D:/Util/Java/jdk1.6.0_03/include</directoryPath>
            <directoryPath>D:/Util/Java/jdk1.6.0_03/include/win32</directoryPath>
          </includeDirectories>
        </ccCompilerTool>
        <fortranCompilerTool>
          <developmentMode>5</developmentMode>
        </fortranCompilerTool>
        <linkerTool>
          <output>dist/Release/MinGW-Windows/CPP_MultiplyLibrary2.dll</output>
          <linkerLibItems>
          </linkerLibItems>
        </linkerTool>
      </compileType>
      <item path="example_Multiply.cc">
        <itemTool>1</itemTool>
      </item>
      <item path="example_Multiply.h">
        <itemTool>3</itemTool>
      </item>
    </conf>
  </confs>
</configurationDescriptor>
