<?xml version="1.0" encoding="UTF-8"?>
<configurationDescriptor version="39">
  <logicalFolder name="root" displayName="root" projectFiles="true">
    <logicalFolder name="HeaderFiles"
                   displayName="Header Files"
                   projectFiles="true">
      <itemPath>jnipackage_Multiply.h</itemPath>
    </logicalFolder>
    <logicalFolder name="ResourceFiles"
                   displayName="Resource Files"
                   projectFiles="true">
    </logicalFolder>
    <logicalFolder name="SourceFiles"
                   displayName="Source Files"
                   projectFiles="true">
      <itemPath>jnipackage_Multiply.cc</itemPath>
    </logicalFolder>
    <logicalFolder name="ExternalFiles"
                   displayName="Important Files"
                   projectFiles="false">
      <itemPath>Makefile</itemPath>
    </logicalFolder>
  </logicalFolder>
  <projectmakefile>Makefile</projectmakefile>
  <confs>
    <conf name="Debug" type="2">
      <toolsSet>
        <compilerSet>MinGW</compilerSet>
        <cRequired>true</cRequired>
        <cppRequired>true</cppRequired>
        <fortranRequired>false</fortranRequired>
        <platform>3</platform>
      </toolsSet>
      <compileType>
        <ccCompilerTool>
          <includeDirectories>
            <directoryPath>C:/_Util/jdk1.6.0_02/include</directoryPath>
            <directoryPath>C:/_Util/jdk1.6.0_02/include/win32</directoryPath>
            <directoryPath>C:/_Util/MinGW/include</directoryPath>
            <directoryPath>C:/_Util/MinGW/include/c++/3.4.2/backward</directoryPath>
            <directoryPath>C:/_Util/MinGW/include/c++/3.4.2</directoryPath>
            <directoryPath>C:/_Util/MinGW/lib/gcc/mingw32/3.4.2</directoryPath>
            <directoryPath>C:/_Util/MinGW/lib/gcc/mingw32/3.4.2/include</directoryPath>
          </includeDirectories>
          <warningLevel>2</warningLevel>
        </ccCompilerTool>
        <linkerTool>
          <output>dist/Debug/MinGW-Windows/CPP_MultiplyLibrary.dll</output>
          <linkerLibItems>
          </linkerLibItems>
        </linkerTool>
      </compileType>
      <item path="jnipackage_Multiply.cc">
        <itemTool>1</itemTool>
      </item>
      <item path="jnipackage_Multiply.h">
        <itemTool>3</itemTool>
      </item>
    </conf>
    <conf name="Release" type="2">
      <toolsSet>
        <compilerSet>MinGW</compilerSet>
        <cRequired>false</cRequired>
        <cppRequired>true</cppRequired>
        <fortranRequired>false</fortranRequired>
        <platform>3</platform>
      </toolsSet>
      <compileType>
        <cCompilerTool>
          <developmentMode>5</developmentMode>
        </cCompilerTool>
        <ccCompilerTool>
          <developmentMode>5</developmentMode>
          <architecture>1</architecture>
          <includeDirectories>
            <directoryPath>C:/_Util/MinGW/include</directoryPath>
            <directoryPath>C:/_Util/MinGW/include/c++/3.4.2/backward</directoryPath>
            <directoryPath>C:/_Util/MinGW/include/c++/3.4.2</directoryPath>
            <directoryPath>C:/_Util/MinGW/lib/gcc/mingw32/3.4.2</directoryPath>
            <directoryPath>C:/_Util/MinGW/lib/gcc/mingw32/3.4.2/include</directoryPath>
            <directoryPath>C:/_Util/jdk1.6.0_02/include</directoryPath>
            <directoryPath>C:/_Util/jdk1.6.0_02/include/win32</directoryPath>
          </includeDirectories>
          <warningLevel>2</warningLevel>
        </ccCompilerTool>
        <fortranCompilerTool>
          <developmentMode>5</developmentMode>
        </fortranCompilerTool>
        <linkerTool>
          <output>dist/Release/MinGW-Windows/CPP_MultiplyLibrary.dll</output>
          <linkerLibItems>
          </linkerLibItems>
        </linkerTool>
      </compileType>
      <item path="jnipackage_Multiply.cc">
        <itemTool>1</itemTool>
      </item>
      <item path="jnipackage_Multiply.h">
        <itemTool>3</itemTool>
      </item>
    </conf>
  </confs>
</configurationDescriptor>
